name,label
BD18_1408280826_ims.csv,menthol
BD18_1408280834_ims.csv,citrus
BD18_1408280838_ims.csv,citrus
BD18_1408280841_ims.csv,menthol
BD18_1408280844_ims.csv,menthol
BD18_1408280851_ims.csv,citrus
BD18_1511121654_ims.csv,menthol
BD18_1511121658_ims.csv,citrus
BD18_1511121702_ims.csv,citrus
BD18_1511121706_ims.csv,menthol
BD18_1511121709_ims.csv,citrus
BD18_1511121712_ims.csv,citrus
BD18_1511121716_ims.csv,citrus
BD18_1511121719_ims.csv,menthol
BD18_1511121723_ims.csv,menthol
BD18_1511121730_ims.csv,menthol
BD18_1511121734_ims.csv,menthol
BD18_1511121738_ims.csv,menthol
BD18_1511121742_ims.csv,citrus
BD18_1711291646_ims.csv,citrus
BD18_1711291649_m2_ims.csv,citrus
BD18_1711291656_ims.csv,citrus
BD18_1711291659_ims.csv,menthol
BD18_1711291702_ims.csv,menthol
BD18_1711291705_ims.csv,citrus
BD18_1711291709_ims.csv,menthol
BD18_1711291712_ims.csv,citrus
BD18_1711291715_ims.csv,menthol
BD18_1711291719_ims.csv,citrus
BD18_1711291722_ims.csv,citrus
BD18_1711291725_ims.csv,menthol
BD18_1711291729_ims.csv,citrus
BD18_1711291732_ims.csv,menthol
BD18_1711291736_ims.csv,citrus
BD18_1711291739_ims.csv,citrus
BD18_1711291743_ims.csv,citrus
BD18_1711291746_ims.csv,menthol
BD18_1711291750_ims.csv,menthol
BD18_1711291753_ims.csv,menthol
BD18_1711291756_ims.csv,menthol
BD18_1711291800_ims.csv,menthol
BD18_1711291803_ims.csv,menthol
