filename,label
algae_cell_light_1.mzML,light
algae_cell_light_2.mzML,light
algae_cell_light_3.mzML,light
algae_cell_light_4.mzML,light
algae_cell_light_5.mzML,light
algea_cell_dark_1.mzML,dark
algea_cell_dark_2.mzML,dark
algea_cell_dark_4.mzML,dark
algea_cell_dark_3.mzML,dark
N-limited1.mzML,n-limited
N-limited2.mzML,n-limited
N-limited3.mzML,n-limited
N-limited4.mzML,n-limited
N-limited5.mzML,n-limited
N-limited6.mzML,n-limited
Replete1.mzML,replete
Replete2.mzML,replete
Replete3.mzML,replete
Replete4.mzML,replete
Replete5.mzML,replete